NAME,X,Y,WIDTH,HEIGHT,ROTATION,STROKE,FILL,SEED_X,SEED_Y,D
wall,0,236,600,364,0,#357BB6,#357BB6,300,182,M0 365V1H600V365H0Z
cat_body,44,180,298,56,0,#413D3E,#413D3E,149,28,M8.41412 32.6004C-0.358288 41.3643 0.439203 52.5184 1.9345 57L299 56.5021C254.739 -8.82908 147.643 1.72747 99.6272 15.1721C86.1695 -0.762286 62.2448 -2.25614 35.8279 5.71107C14.6944 12.0848 8.7464 26.293 8.41412 32.6004Z
cat_left_eye,62.19,203.69,21.37,11.19,-1.86,#151314,#151314,9,4,M5.54416 10.0586C5.34767 10.2338 5.17499 10.4003 5.02787 10.5534C3.9906 11.6871 -0.0667041 13.3899 1.06235 9.4244C1.59633 7.609 2.82096 5.28549 4.85609 3.54421M5.54416 10.0586C4.31667 8.85528 2.46058 5.86783 4.85609 3.54421M5.54416 10.0586C7.39992 8.40305 11.3792 5.95631 16.0019 6.39517M4.85609 3.54421C5.87705 2.67067 7.10198 1.94365 8.54602 1.50082M8.54602 1.50082C11.295 0.657814 14.8381 0.844696 19.2797 3.01117C21.4769 4.08291 21.3522 6.98038 16.1679 6.41214C16.1125 6.40607 16.0571 6.40041 16.0019 6.39517M8.54602 1.50082C10.3745 1.10607 14.4255 1.53227 16.0019 6.39517
cat_right_eye,97.63,193,21.37,11.19,-8.38,#151314,#151314,9,4,M5.54416 10.0586C5.34767 10.2338 5.17499 10.4003 5.02787 10.5534C3.9906 11.6871 -0.0667041 13.3899 1.06235 9.4244C1.59633 7.609 2.82096 5.28549 4.85609 3.54421M5.54416 10.0586C4.31667 8.85528 2.46058 5.86783 4.85609 3.54421M5.54416 10.0586C7.39992 8.40305 11.3792 5.95631 16.0019 6.39517M4.85609 3.54421C5.87705 2.67067 7.10198 1.94365 8.54602 1.50082M8.54602 1.50082C11.295 0.657814 14.8381 0.844696 19.2797 3.01117C21.4769 4.08291 21.3522 6.98038 16.1679 6.41214C16.1125 6.40607 16.0571 6.40041 16.0019 6.39517M8.54602 1.50082C10.3745 1.10607 14.4255 1.53227 16.0019 6.39517